order_id,customer_id,ship_via,order_date,required_date,shipped_date
10248,VINET,3,1996-07-04,1996-08-01,1996-07-16
10249,TOMSP,1,1996-07-05,1996-08-16,1996-07-10
10250,HANAR,2,1996-07-08,1996-08-05,1996-07-12
10251,VICTE,1,1996-07-08,1996-08-05,1996-07-15
10252,SUPRD,2,1996-07-09,1996-08-06,1996-07-11
10253,HANAR,2,1996-07-10,1996-07-24,1996-07-16
10254,CHOPS,2,1996-07-11,1996-08-08,1996-07-23
10255,RICSU,3,1996-07-12,1996-08-09,1996-07-15
10256,WELLI,2,1996-07-15,1996-08-12,1996-07-17
10257,HILAA,3,1996-07-16,1996-08-13,1996-07-22
10258,ERNSH,1,1996-07-17,1996-08-14,1996-07-23
10259,CENTC,3,1996-07-18,1996-08-15,1996-07-25
10260,OTTIK,1,1996-07-19,1996-08-16,1996-07-29
10261,QUEDE,2,1996-07-19,1996-08-16,1996-07-30
10262,RATTC,3,1996-07-22,1996-08-19,1996-07-25
10263,ERNSH,3,1996-07-23,1996-08-20,1996-07-31
10264,FOLKO,3,1996-07-24,1996-08-21,1996-08-23
10265,BLONP,1,1996-07-25,1996-08-22,1996-08-12
10266,WARTH,3,1996-07-26,1996-09-06,1996-07-31
10267,FRANK,1,1996-07-29,1996-08-26,1996-08-06
10268,GROSR,3,1996-07-30,1996-08-27,1996-08-02
10269,WHITC,1,1996-07-31,1996-08-14,1996-08-09
10270,WARTH,1,1996-08-01,1996-08-29,1996-08-02
10271,SPLIR,2,1996-08-01,1996-08-29,1996-08-30
10272,RATTC,2,1996-08-02,1996-08-30,1996-08-06
10273,QUICK,3,1996-08-05,1996-09-02,1996-08-12
10274,VINET,1,1996-08-06,1996-09-03,1996-08-16
10275,MAGAA,1,1996-08-07,1996-09-04,1996-08-09
10276,TORTU,3,1996-08-08,1996-08-22,1996-08-14
10277,MORGK,3,1996-08-09,1996-09-06,1996-08-13
10278,BERGS,2,1996-08-12,1996-09-09,1996-08-16
10279,LEHMS,2,1996-08-13,1996-09-10,1996-08-16
10280,BERGS,1,1996-08-14,1996-09-11,1996-09-12
10281,ROMEY,1,1996-08-14,1996-08-28,1996-08-21
10282,ROMEY,1,1996-08-15,1996-09-12,1996-08-21
10283,LILAS,3,1996-08-16,1996-09-13,1996-08-23
10284,LEHMS,1,1996-08-19,1996-09-16,1996-08-27
10285,QUICK,2,1996-08-20,1996-09-17,1996-08-26
10286,QUICK,3,1996-08-21,1996-09-18,1996-08-30
10287,RICAR,3,1996-08-22,1996-09-19,1996-08-28
10288,REGGC,1,1996-08-23,1996-09-20,1996-09-03
10289,BSBEV,3,1996-08-26,1996-09-23,1996-08-28
10290,COMMI,1,1996-08-27,1996-09-24,1996-09-03
10291,QUEDE,2,1996-08-27,1996-09-24,1996-09-04
10292,TRADH,2,1996-08-28,1996-09-25,1996-09-02
10293,TORTU,3,1996-08-29,1996-09-26,1996-09-11
10294,RATTC,2,1996-08-30,1996-09-27,1996-09-05
10295,VINET,2,1996-09-02,1996-09-30,1996-09-10
10296,LILAS,1,1996-09-03,1996-10-01,1996-09-11
10297,BLONP,2,1996-09-04,1996-10-16,1996-09-10
10298,HUNGO,2,1996-09-05,1996-10-03,1996-09-11
10299,RICAR,2,1996-09-06,1996-10-04,1996-09-13
10300,MAGAA,2,1996-09-09,1996-10-07,1996-09-18
10301,WANDK,2,1996-09-09,1996-10-07,1996-09-17
10302,SUPRD,2,1996-09-10,1996-10-08,1996-10-09
10303,GODOS,2,1996-09-11,1996-10-09,1996-09-18
10304,TORTU,2,1996-09-12,1996-10-10,1996-09-17
10305,OLDWO,3,1996-09-13,1996-10-11,1996-10-09
10306,ROMEY,3,1996-09-16,1996-10-14,1996-09-23
10307,LONEP,2,1996-09-17,1996-10-15,1996-09-25
10308,ANATR,3,1996-09-18,1996-10-16,1996-09-24
10309,HUNGO,1,1996-09-19,1996-10-17,1996-10-23
10310,THEBI,2,1996-09-20,1996-10-18,1996-09-27
10311,DUMON,3,1996-09-20,1996-10-04,1996-09-26
10312,WANDK,2,1996-09-23,1996-10-21,1996-10-03
10313,QUICK,2,1996-09-24,1996-10-22,1996-10-04
10314,RATTC,2,1996-09-25,1996-10-23,1996-10-04
10315,ISLAT,2,1996-09-26,1996-10-24,1996-10-03
10316,RATTC,3,1996-09-27,1996-10-25,1996-10-08
10317,LONEP,1,1996-09-30,1996-10-28,1996-10-10
10318,ISLAT,2,1996-10-01,1996-10-29,1996-10-04
10319,TORTU,3,1996-10-02,1996-10-30,1996-10-11
10320,WARTH,3,1996-10-03,1996-10-17,1996-10-18
10321,ISLAT,2,1996-10-03,1996-10-31,1996-10-11
10322,PERIC,3,1996-10-04,1996-11-01,1996-10-23
10323,KOENE,1,1996-10-07,1996-11-04,1996-10-14
10324,SAVEA,1,1996-10-08,1996-11-05,1996-10-10
10325,KOENE,3,1996-10-09,1996-10-23,1996-10-14
10326,BOLID,2,1996-10-10,1996-11-07,1996-10-14
10327,FOLKO,1,1996-10-11,1996-11-08,1996-10-14
10328,FURIB,3,1996-10-14,1996-11-11,1996-10-17
10329,SPLIR,2,1996-10-15,1996-11-26,1996-10-23
10330,LILAS,1,1996-10-16,1996-11-13,1996-10-28
10331,BONAP,1,1996-10-16,1996-11-27,1996-10-21
10332,MEREP,2,1996-10-17,1996-11-28,1996-10-21
10333,WARTH,3,1996-10-18,1996-11-15,1996-10-25
10334,VICTE,2,1996-10-21,1996-11-18,1996-10-28
10335,HUNGO,2,1996-10-22,1996-11-19,1996-10-24
10336,PRINI,2,1996-10-23,1996-11-20,1996-10-25
10337,FRANK,3,1996-10-24,1996-11-21,1996-10-29
10338,OLDWO,3,1996-10-25,1996-11-22,1996-10-29
10339,MEREP,2,1996-10-28,1996-11-25,1996-11-04
10340,BONAP,3,1996-10-29,1996-11-26,1996-11-08
10341,SIMOB,3,1996-10-29,1996-11-26,1996-11-05
10342,FRANK,2,1996-10-30,1996-11-13,1996-11-04
10343,LEHMS,1,1996-10-31,1996-11-28,1996-11-06
10344,WHITC,2,1996-11-01,1996-11-29,1996-11-05
10345,QUICK,2,1996-11-04,1996-12-02,1996-11-11
10346,RATTC,3,1996-11-05,1996-12-17,1996-11-08
10347,FAMIA,3,1996-11-06,1996-12-04,1996-11-08
10348,WANDK,2,1996-11-07,1996-12-05,1996-11-15
10349,SPLIR,1,1996-11-08,1996-12-06,1996-11-15
10350,LAMAI,2,1996-11-11,1996-12-09,1996-12-03
10351,ERNSH,1,1996-11-11,1996-12-09,1996-11-20
10352,FURIB,3,1996-11-12,1996-11-26,1996-11-18
10353,PICCO,3,1996-11-13,1996-12-11,1996-11-25
10354,PERIC,3,1996-11-14,1996-12-12,1996-11-20
10355,AROUT,1,1996-11-15,1996-12-13,1996-11-20
10356,WANDK,2,1996-11-18,1996-12-16,1996-11-27
10357,LILAS,3,1996-11-19,1996-12-17,1996-12-02
10358,LAMAI,1,1996-11-20,1996-12-18,1996-11-27
10359,SEVES,3,1996-11-21,1996-12-19,1996-11-26
10360,BLONP,3,1996-11-22,1996-12-20,1996-12-02
10361,QUICK,2,1996-11-22,1996-12-20,1996-12-03
10362,BONAP,1,1996-11-25,1996-12-23,1996-11-28
10363,DRACD,3,1996-11-26,1996-12-24,1996-12-04
10364,EASTC,1,1996-11-26,1997-01-07,1996-12-04
10365,ANTON,2,1996-11-27,1996-12-25,1996-12-02
10366,GALED,2,1996-11-28,1997-01-09,1996-12-30
10367,VAFFE,3,1996-11-28,1996-12-26,1996-12-02
10368,ERNSH,2,1996-11-29,1996-12-27,1996-12-02
10369,SPLIR,2,1996-12-02,1996-12-30,1996-12-09
10370,CHOPS,2,1996-12-03,1996-12-31,1996-12-27
10371,LAMAI,1,1996-12-03,1996-12-31,1996-12-24
10372,QUEEN,2,1996-12-04,1997-01-01,1996-12-09
10373,HUNGO,3,1996-12-05,1997-01-02,1996-12-11
10374,WOLZA,3,1996-12-05,1997-01-02,1996-12-09
10375,HUNGC,2,1996-12-06,1997-01-03,1996-12-09
10376,MEREP,2,1996-12-09,1997-01-06,1996-12-13
10377,SEVES,3,1996-12-09,1997-01-06,1996-12-13
10378,FOLKO,3,1996-12-10,1997-01-07,1996-12-19
10379,QUEDE,1,1996-12-11,1997-01-08,1996-12-13
10380,HUNGO,3,1996-12-12,1997-01-09,1997-01-16
10381,LILAS,3,1996-12-12,1997-01-09,1996-12-13
10382,ERNSH,1,1996-12-13,1997-01-10,1996-12-16
10383,AROUT,3,1996-12-16,1997-01-13,1996-12-18
10384,BERGS,3,1996-12-16,1997-01-13,1996-12-20
10385,SPLIR,2,1996-12-17,1997-01-14,1996-12-23
10386,FAMIA,3,1996-12-18,1997-01-01,1996-12-25
10387,SANTG,2,1996-12-18,1997-01-15,1996-12-20
10388,SEVES,1,1996-12-19,1997-01-16,1996-12-20
10389,BOTTM,2,1996-12-20,1997-01-17,1996-12-24
10390,ERNSH,1,1996-12-23,1997-01-20,1996-12-26
10391,DRACD,3,1996-12-23,1997-01-20,1996-12-31
10392,PICCO,3,1996-12-24,1997-01-21,1997-01-01
10393,SAVEA,3,1996-12-25,1997-01-22,1997-01-03
10394,HUNGC,3,1996-12-25,1997-01-22,1997-01-03
10395,HILAA,1,1996-12-26,1997-01-23,1997-01-03
10396,FRANK,3,1996-12-27,1997-01-10,1997-01-06
10397,PRINI,1,1996-12-27,1997-01-24,1997-01-02
10398,SAVEA,3,1996-12-30,1997-01-27,1997-01-09
10399,VAFFE,3,1996-12-31,1997-01-14,1997-01-08
10400,EASTC,3,1997-01-01,1997-01-29,1997-01-16
10401,RATTC,1,1997-01-01,1997-01-29,1997-01-10
10402,ERNSH,2,1997-01-02,1997-02-13,1997-01-10
10403,ERNSH,3,1997-01-03,1997-01-31,1997-01-09
10404,MAGAA,1,1997-01-03,1997-01-31,1997-01-08
10405,LINOD,1,1997-01-06,1997-02-03,1997-01-22
10406,QUEEN,1,1997-01-07,1997-02-18,1997-01-13
10407,OTTIK,2,1997-01-07,1997-02-04,1997-01-30
10408,FOLIG,1,1997-01-08,1997-02-05,1997-01-14
10409,OCEAN,1,1997-01-09,1997-02-06,1997-01-14
10410,BOTTM,3,1997-01-10,1997-02-07,1997-01-15
10411,BOTTM,3,1997-01-10,1997-02-07,1997-01-21
10412,WARTH,2,1997-01-13,1997-02-10,1997-01-15
10413,LAMAI,2,1997-01-14,1997-02-11,1997-01-16
10414,FAMIA,3,1997-01-14,1997-02-11,1997-01-17
10415,HUNGC,1,1997-01-15,1997-02-12,1997-01-24
10416,WARTH,3,1997-01-16,1997-02-13,1997-01-27
10417,SIMOB,3,1997-01-16,1997-02-13,1997-01-28
10418,QUICK,1,1997-01-17,1997-02-14,1997-01-24
10419,RICSU,2,1997-01-20,1997-02-17,1997-01-30
10420,WELLI,1,1997-01-21,1997-02-18,1997-01-27
10421,QUEDE,1,1997-01-21,1997-03-04,1997-01-27
10422,FRANS,1,1997-01-22,1997-02-19,1997-01-31
10423,GOURL,3,1997-01-23,1997-02-06,1997-02-24
10424,MEREP,2,1997-01-23,1997-02-20,1997-01-27
10425,LAMAI,2,1997-01-24,1997-02-21,1997-02-14
10426,GALED,1,1997-01-27,1997-02-24,1997-02-06
10427,PICCO,2,1997-01-27,1997-02-24,1997-03-03
10428,REGGC,1,1997-01-28,1997-02-25,1997-02-04
10429,HUNGO,2,1997-01-29,1997-03-12,1997-02-07
10430,ERNSH,1,1997-01-30,1997-02-13,1997-02-03
10431,BOTTM,2,1997-01-30,1997-02-13,1997-02-07
10432,SPLIR,2,1997-01-31,1997-02-14,1997-02-07
10433,PRINI,3,1997-02-03,1997-03-03,1997-03-04
10434,FOLKO,2,1997-02-03,1997-03-03,1997-02-13
10435,CONSH,2,1997-02-04,1997-03-18,1997-02-07
10436,BLONP,2,1997-02-05,1997-03-05,1997-02-11
10437,WARTH,1,1997-02-05,1997-03-05,1997-02-12
10438,TOMSP,2,1997-02-06,1997-03-06,1997-02-14
10439,MEREP,3,1997-02-07,1997-03-07,1997-02-10
10440,SAVEA,2,1997-02-10,1997-03-10,1997-02-28
10441,OLDWO,2,1997-02-10,1997-03-24,1997-03-14
10442,ERNSH,2,1997-02-11,1997-03-11,1997-02-18
10443,REGGC,1,1997-02-12,1997-03-12,1997-02-14
10444,BERGS,3,1997-02-12,1997-03-12,1997-02-21
10445,BERGS,1,1997-02-13,1997-03-13,1997-02-20
10446,TOMSP,1,1997-02-14,1997-03-14,1997-02-19
10447,RICAR,2,1997-02-14,1997-03-14,1997-03-07
10448,RANCH,2,1997-02-17,1997-03-17,1997-02-24
10449,BLONP,2,1997-02-18,1997-03-18,1997-02-27
10450,VICTE,2,1997-02-19,1997-03-19,1997-03-11
10451,QUICK,3,1997-02-19,1997-03-05,1997-03-12
10452,SAVEA,1,1997-02-20,1997-03-20,1997-02-26
10453,AROUT,2,1997-02-21,1997-03-21,1997-02-26
10454,LAMAI,3,1997-02-21,1997-03-21,1997-02-25
10455,WARTH,2,1997-02-24,1997-04-07,1997-03-03
10456,KOENE,2,1997-02-25,1997-04-08,1997-02-28
10457,KOENE,1,1997-02-25,1997-03-25,1997-03-03
10458,SUPRD,3,1997-02-26,1997-03-26,1997-03-04
10459,VICTE,2,1997-02-27,1997-03-27,1997-02-28
10460,FOLKO,1,1997-02-28,1997-03-28,1997-03-03
10461,LILAS,3,1997-02-28,1997-03-28,1997-03-05
10462,CONSH,1,1997-03-03,1997-03-31,1997-03-18
10463,SUPRD,3,1997-03-04,1997-04-01,1997-03-06
10464,FURIB,2,1997-03-04,1997-04-01,1997-03-14
10465,VAFFE,3,1997-03-05,1997-04-02,1997-03-14
10466,COMMI,1,1997-03-06,1997-04-03,1997-03-13
10467,MAGAA,2,1997-03-06,1997-04-03,1997-03-11
10468,KOENE,3,1997-03-07,1997-04-04,1997-03-12
10469,WHITC,1,1997-03-10,1997-04-07,1997-03-14
10470,BONAP,2,1997-03-11,1997-04-08,1997-03-14
10471,BSBEV,3,1997-03-11,1997-04-08,1997-03-18
10472,SEVES,1,1997-03-12,1997-04-09,1997-03-19
10473,ISLAT,3,1997-03-13,1997-03-27,1997-03-21
10474,PERIC,2,1997-03-13,1997-04-10,1997-03-21
10475,SUPRD,1,1997-03-14,1997-04-11,1997-04-04
10476,HILAA,3,1997-03-17,1997-04-14,1997-03-24
10477,PRINI,2,1997-03-17,1997-04-14,1997-03-25
10478,VICTE,3,1997-03-18,1997-04-01,1997-03-26
10479,RATTC,3,1997-03-19,1997-04-16,1997-03-21
10480,FOLIG,2,1997-03-20,1997-04-17,1997-03-24
10481,RICAR,2,1997-03-20,1997-04-17,1997-03-25
10482,LAZYK,3,1997-03-21,1997-04-18,1997-04-10
10483,WHITC,2,1997-03-24,1997-04-21,1997-04-25
10484,BSBEV,3,1997-03-24,1997-04-21,1997-04-01
10485,LINOD,2,1997-03-25,1997-04-08,1997-03-31
10486,HILAA,2,1997-03-26,1997-04-23,1997-04-02
10487,QUEEN,2,1997-03-26,1997-04-23,1997-03-28
10488,FRANK,2,1997-03-27,1997-04-24,1997-04-02
10489,PICCO,2,1997-03-28,1997-04-25,1997-04-09
10490,HILAA,2,1997-03-31,1997-04-28,1997-04-03
10491,FURIB,3,1997-03-31,1997-04-28,1997-04-08
10492,BOTTM,1,1997-04-01,1997-04-29,1997-04-11
10493,LAMAI,3,1997-04-02,1997-04-30,1997-04-10
10494,COMMI,2,1997-04-02,1997-04-30,1997-04-09
10495,LAUGB,3,1997-04-03,1997-05-01,1997-04-11
10496,TRADH,2,1997-04-04,1997-05-02,1997-04-07
10497,LEHMS,1,1997-04-04,1997-05-02,1997-04-07
10498,HILAA,2,1997-04-07,1997-05-05,1997-04-11
10499,LILAS,2,1997-04-08,1997-05-06,1997-04-16
10500,LAMAI,1,1997-04-09,1997-05-07,1997-04-17
10501,BLAUS,3,1997-04-09,1997-05-07,1997-04-16
10502,PERIC,1,1997-04-10,1997-05-08,1997-04-29
10503,HUNGO,2,1997-04-11,1997-05-09,1997-04-16
10504,WHITC,3,1997-04-11,1997-05-09,1997-04-18
10505,MEREP,3,1997-04-14,1997-05-12,1997-04-21
10506,KOENE,2,1997-04-15,1997-05-13,1997-05-02
10507,ANTON,1,1997-04-15,1997-05-13,1997-04-22
10508,OTTIK,2,1997-04-16,1997-05-14,1997-05-13
10509,BLAUS,1,1997-04-17,1997-05-15,1997-04-29
10510,SAVEA,3,1997-04-18,1997-05-16,1997-04-28
10511,BONAP,3,1997-04-18,1997-05-16,1997-04-21
10512,FAMIA,2,1997-04-21,1997-05-19,1997-04-24
10513,WANDK,1,1997-04-22,1997-06-03,1997-04-28
10514,ERNSH,2,1997-04-22,1997-05-20,1997-05-16
10515,QUICK,1,1997-04-23,1997-05-07,1997-05-23
10516,HUNGO,3,1997-04-24,1997-05-22,1997-05-01
10517,NORTS,3,1997-04-24,1997-05-22,1997-04-29
10518,TORTU,2,1997-04-25,1997-05-09,1997-05-05
10519,CHOPS,3,1997-04-28,1997-05-26,1997-05-01
10520,SANTG,1,1997-04-29,1997-05-27,1997-05-01
10521,CACTU,2,1997-04-29,1997-05-27,1997-05-02
10522,LEHMS,1,1997-04-30,1997-05-28,1997-05-06
10523,SEVES,2,1997-05-01,1997-05-29,1997-05-30
10524,BERGS,2,1997-05-01,1997-05-29,1997-05-07
10525,BONAP,2,1997-05-02,1997-05-30,1997-05-23
10526,WARTH,2,1997-05-05,1997-06-02,1997-05-15
10527,QUICK,1,1997-05-05,1997-06-02,1997-05-07
10528,GREAL,2,1997-05-06,1997-05-20,1997-05-09
10529,MAISD,2,1997-05-07,1997-06-04,1997-05-09
10530,PICCO,2,1997-05-08,1997-06-05,1997-05-12
10531,OCEAN,1,1997-05-08,1997-06-05,1997-05-19
10532,EASTC,3,1997-05-09,1997-06-06,1997-05-12
10533,FOLKO,1,1997-05-12,1997-06-09,1997-05-22
10534,LEHMS,2,1997-05-12,1997-06-09,1997-05-14
10535,ANTON,1,1997-05-13,1997-06-10,1997-05-21
10536,LEHMS,2,1997-05-14,1997-06-11,1997-06-06
10537,RICSU,1,1997-05-14,1997-05-28,1997-05-19
10538,BSBEV,3,1997-05-15,1997-06-12,1997-05-16
10539,BSBEV,3,1997-05-16,1997-06-13,1997-05-23
10540,QUICK,3,1997-05-19,1997-06-16,1997-06-13
10541,HANAR,1,1997-05-19,1997-06-16,1997-05-29
10542,KOENE,3,1997-05-20,1997-06-17,1997-05-26
10543,LILAS,2,1997-05-21,1997-06-18,1997-05-23
10544,LONEP,1,1997-05-21,1997-06-18,1997-05-30
10545,LAZYK,2,1997-05-22,1997-06-19,1997-06-26
10546,VICTE,3,1997-05-23,1997-06-20,1997-05-27
10547,SEVES,2,1997-05-23,1997-06-20,1997-06-02
10548,TOMSP,2,1997-05-26,1997-06-23,1997-06-02
10549,QUICK,1,1997-05-27,1997-06-10,1997-05-30
10550,GODOS,3,1997-05-28,1997-06-25,1997-06-06
10551,FURIB,3,1997-05-28,1997-07-09,1997-06-06
10552,HILAA,1,1997-05-29,1997-06-26,1997-06-05
10553,WARTH,2,1997-05-30,1997-06-27,1997-06-03
10554,OTTIK,3,1997-05-30,1997-06-27,1997-06-05
10555,SAVEA,3,1997-06-02,1997-06-30,1997-06-04
10556,SIMOB,1,1997-06-03,1997-07-15,1997-06-13
10557,LEHMS,2,1997-06-03,1997-06-17,1997-06-06
10558,AROUT,2,1997-06-04,1997-07-02,1997-06-10
10559,BLONP,1,1997-06-05,1997-07-03,1997-06-13
10560,FRANK,1,1997-06-06,1997-07-04,1997-06-09
10561,FOLKO,2,1997-06-06,1997-07-04,1997-06-09
10562,REGGC,1,1997-06-09,1997-07-07,1997-06-12
10563,RICAR,2,1997-06-10,1997-07-22,1997-06-24
10564,RATTC,3,1997-06-10,1997-07-08,1997-06-16
10565,MEREP,2,1997-06-11,1997-07-09,1997-06-18
10566,BLONP,1,1997-06-12,1997-07-10,1997-06-18
10567,HUNGO,1,1997-06-12,1997-07-10,1997-06-17
10568,GALED,3,1997-06-13,1997-07-11,1997-07-09
10569,RATTC,1,1997-06-16,1997-07-14,1997-07-11
10570,MEREP,3,1997-06-17,1997-07-15,1997-06-19
10571,ERNSH,3,1997-06-17,1997-07-29,1997-07-04
10572,BERGS,2,1997-06-18,1997-07-16,1997-06-25
10573,ANTON,3,1997-06-19,1997-07-17,1997-06-20
10574,TRAIH,2,1997-06-19,1997-07-17,1997-06-30
10575,MORGK,1,1997-06-20,1997-07-04,1997-06-30
10576,TORTU,3,1997-06-23,1997-07-07,1997-06-30
10577,TRAIH,2,1997-06-23,1997-08-04,1997-06-30
10578,BSBEV,3,1997-06-24,1997-07-22,1997-07-25
10579,LETSS,2,1997-06-25,1997-07-23,1997-07-04
10580,OTTIK,3,1997-06-26,1997-07-24,1997-07-01
10581,FAMIA,1,1997-06-26,1997-07-24,1997-07-02
10582,BLAUS,2,1997-06-27,1997-07-25,1997-07-14
10583,WARTH,2,1997-06-30,1997-07-28,1997-07-04
10584,BLONP,1,1997-06-30,1997-07-28,1997-07-04
10585,WELLI,1,1997-07-01,1997-07-29,1997-07-10
10586,REGGC,1,1997-07-02,1997-07-30,1997-07-09
10587,QUEDE,1,1997-07-02,1997-07-30,1997-07-09
10588,QUICK,3,1997-07-03,1997-07-31,1997-07-10
10589,GREAL,2,1997-07-04,1997-08-01,1997-07-14
10590,MEREP,3,1997-07-07,1997-08-04,1997-07-14
10591,VAFFE,1,1997-07-07,1997-07-21,1997-07-16
10592,LEHMS,1,1997-07-08,1997-08-05,1997-07-16
10593,LEHMS,2,1997-07-09,1997-08-06,1997-08-13
10594,OLDWO,2,1997-07-09,1997-08-06,1997-07-16
10595,ERNSH,1,1997-07-10,1997-08-07,1997-07-14
10596,WHITC,1,1997-07-11,1997-08-08,1997-08-12
10597,PICCO,3,1997-07-11,1997-08-08,1997-07-18
10598,RATTC,3,1997-07-14,1997-08-11,1997-07-18
10599,BSBEV,3,1997-07-15,1997-08-26,1997-07-21
10600,HUNGC,1,1997-07-16,1997-08-13,1997-07-21
10601,HILAA,1,1997-07-16,1997-08-27,1997-07-22
10602,VAFFE,2,1997-07-17,1997-08-14,1997-07-22
10603,SAVEA,2,1997-07-18,1997-08-15,1997-08-08
10604,FURIB,1,1997-07-18,1997-08-15,1997-07-29
10605,MEREP,2,1997-07-21,1997-08-18,1997-07-29
10606,TRADH,3,1997-07-22,1997-08-19,1997-07-31
10607,SAVEA,1,1997-07-22,1997-08-19,1997-07-25
10608,TOMSP,2,1997-07-23,1997-08-20,1997-08-01
10609,DUMON,2,1997-07-24,1997-08-21,1997-07-30
10610,LAMAI,1,1997-07-25,1997-08-22,1997-08-06
10611,WOLZA,2,1997-07-25,1997-08-22,1997-08-01
10612,SAVEA,2,1997-07-28,1997-08-25,1997-08-01
10613,HILAA,2,1997-07-29,1997-08-26,1997-08-01
10614,BLAUS,3,1997-07-29,1997-08-26,1997-08-01
10615,WILMK,3,1997-07-30,1997-08-27,1997-08-06
10616,GREAL,2,1997-07-31,1997-08-28,1997-08-05
10617,GREAL,2,1997-07-31,1997-08-28,1997-08-04
10618,MEREP,1,1997-08-01,1997-09-12,1997-08-08
10619,MEREP,3,1997-08-04,1997-09-01,1997-08-07
10620,LAUGB,3,1997-08-05,1997-09-02,1997-08-14
10621,ISLAT,2,1997-08-05,1997-09-02,1997-08-11
10622,RICAR,3,1997-08-06,1997-09-03,1997-08-11
10623,FRANK,2,1997-08-07,1997-09-04,1997-08-12
10624,THECR,2,1997-08-07,1997-09-04,1997-08-19
10625,ANATR,1,1997-08-08,1997-09-05,1997-08-14
10626,BERGS,2,1997-08-11,1997-09-08,1997-08-20
10627,SAVEA,3,1997-08-11,1997-09-22,1997-08-21
10628,BLONP,3,1997-08-12,1997-09-09,1997-08-20
10629,GODOS,3,1997-08-12,1997-09-09,1997-08-20
10630,KOENE,2,1997-08-13,1997-09-10,1997-08-19
10631,LAMAI,1,1997-08-14,1997-09-11,1997-08-15
10632,WANDK,1,1997-08-14,1997-09-11,1997-08-19
10633,ERNSH,3,1997-08-15,1997-09-12,1997-08-18
10634,FOLIG,3,1997-08-15,1997-09-12,1997-08-21
10635,MAGAA,3,1997-08-18,1997-09-15,1997-08-21
10636,WARTH,1,1997-08-19,1997-09-16,1997-08-26
10637,QUEEN,1,1997-08-19,1997-09-16,1997-08-26
10638,LINOD,1,1997-08-20,1997-09-17,1997-09-01
10639,SANTG,3,1997-08-20,1997-09-17,1997-08-27
10640,WANDK,1,1997-08-21,1997-09-18,1997-08-28
10641,HILAA,2,1997-08-22,1997-09-19,1997-08-26
10642,SIMOB,3,1997-08-22,1997-09-19,1997-09-05
10643,ALFKI,1,1997-08-25,1997-09-22,1997-09-02
10644,WELLI,2,1997-08-25,1997-09-22,1997-09-01
10645,HANAR,1,1997-08-26,1997-09-23,1997-09-02
10646,HUNGO,3,1997-08-27,1997-10-08,1997-09-03
10647,QUEDE,2,1997-08-27,1997-09-10,1997-09-03
10648,RICAR,2,1997-08-28,1997-10-09,1997-09-09
10649,MAISD,3,1997-08-28,1997-09-25,1997-08-29
10650,FAMIA,3,1997-08-29,1997-09-26,1997-09-03
10651,WANDK,2,1997-09-01,1997-09-29,1997-09-11
10652,GOURL,2,1997-09-01,1997-09-29,1997-09-08
10653,FRANK,1,1997-09-02,1997-09-30,1997-09-19
10654,BERGS,1,1997-09-02,1997-09-30,1997-09-11
10655,REGGC,2,1997-09-03,1997-10-01,1997-09-11
10656,GREAL,1,1997-09-04,1997-10-02,1997-09-10
10657,SAVEA,2,1997-09-04,1997-10-02,1997-09-15
10658,QUICK,1,1997-09-05,1997-10-03,1997-09-08
10659,QUEEN,2,1997-09-05,1997-10-03,1997-09-10
10660,HUNGC,1,1997-09-08,1997-10-06,1997-10-15
10661,HUNGO,3,1997-09-09,1997-10-07,1997-09-15
10662,LONEP,2,1997-09-09,1997-10-07,1997-09-18
10663,BONAP,2,1997-09-10,1997-09-24,1997-10-03
10664,FURIB,3,1997-09-10,1997-10-08,1997-09-19
10665,LONEP,2,1997-09-11,1997-10-09,1997-09-17
10666,RICSU,2,1997-09-12,1997-10-10,1997-09-22
10667,ERNSH,1,1997-09-12,1997-10-10,1997-09-19
10668,WANDK,2,1997-09-15,1997-10-13,1997-09-23
10669,SIMOB,1,1997-09-15,1997-10-13,1997-09-22
10670,FRANK,1,1997-09-16,1997-10-14,1997-09-18
10671,FRANR,1,1997-09-17,1997-10-15,1997-09-24
10672,BERGS,2,1997-09-17,1997-10-01,1997-09-26
10673,WILMK,1,1997-09-18,1997-10-16,1997-09-19
10674,ISLAT,2,1997-09-18,1997-10-16,1997-09-30
10675,FRANK,2,1997-09-19,1997-10-17,1997-09-23
10676,TORTU,2,1997-09-22,1997-10-20,1997-09-29
10677,ANTON,3,1997-09-22,1997-10-20,1997-09-26
10678,SAVEA,3,1997-09-23,1997-10-21,1997-10-16
10679,BLONP,3,1997-09-23,1997-10-21,1997-09-30
10680,OLDWO,1,1997-09-24,1997-10-22,1997-09-26
10681,GREAL,3,1997-09-25,1997-10-23,1997-09-30
10682,ANTON,2,1997-09-25,1997-10-23,1997-10-01
10683,DUMON,1,1997-09-26,1997-10-24,1997-10-01
10684,OTTIK,1,1997-09-26,1997-10-24,1997-09-30
10685,GOURL,2,1997-09-29,1997-10-13,1997-10-03
10686,PICCO,1,1997-09-30,1997-10-28,1997-10-08
10687,HUNGO,2,1997-09-30,1997-10-28,1997-10-30
10688,VAFFE,2,1997-10-01,1997-10-15,1997-10-07
10689,BERGS,2,1997-10-01,1997-10-29,1997-10-07
10690,HANAR,1,1997-10-02,1997-10-30,1997-10-03
10691,QUICK,2,1997-10-03,1997-11-14,1997-10-22
10692,ALFKI,2,1997-10-03,1997-10-31,1997-10-13
10693,WHITC,3,1997-10-06,1997-10-20,1997-10-10
10694,QUICK,3,1997-10-06,1997-11-03,1997-10-09
10695,WILMK,1,1997-10-07,1997-11-18,1997-10-14
10696,WHITC,3,1997-10-08,1997-11-19,1997-10-14
10697,LINOD,1,1997-10-08,1997-11-05,1997-10-14
10698,ERNSH,1,1997-10-09,1997-11-06,1997-10-17
10699,MORGK,3,1997-10-09,1997-11-06,1997-10-13
10700,SAVEA,1,1997-10-10,1997-11-07,1997-10-16
10701,HUNGO,3,1997-10-13,1997-10-27,1997-10-15
10702,ALFKI,1,1997-10-13,1997-11-24,1997-10-21
10703,FOLKO,2,1997-10-14,1997-11-11,1997-10-20
10704,QUEEN,1,1997-10-14,1997-11-11,1997-11-07
10705,HILAA,2,1997-10-15,1997-11-12,1997-11-18
10706,OLDWO,3,1997-10-16,1997-11-13,1997-10-21
10707,AROUT,3,1997-10-16,1997-10-30,1997-10-23
10708,THEBI,2,1997-10-17,1997-11-28,1997-11-05
10709,GOURL,3,1997-10-17,1997-11-14,1997-11-20
10710,FRANS,1,1997-10-20,1997-11-17,1997-10-23
10711,SAVEA,2,1997-10-21,1997-12-02,1997-10-29
10712,HUNGO,1,1997-10-21,1997-11-18,1997-10-31
10713,SAVEA,1,1997-10-22,1997-11-19,1997-10-24
10714,SAVEA,3,1997-10-22,1997-11-19,1997-10-27
10715,BONAP,1,1997-10-23,1997-11-06,1997-10-29
10716,RANCH,2,1997-10-24,1997-11-21,1997-10-27
10717,FRANK,2,1997-10-24,1997-11-21,1997-10-29
10718,KOENE,3,1997-10-27,1997-11-24,1997-10-29
10719,LETSS,2,1997-10-27,1997-11-24,1997-11-05
10720,QUEDE,2,1997-10-28,1997-11-11,1997-11-05
10721,QUICK,3,1997-10-29,1997-11-26,1997-10-31
10722,SAVEA,1,1997-10-29,1997-12-10,1997-11-04
10723,WHITC,1,1997-10-30,1997-11-27,1997-11-25
10724,MEREP,2,1997-10-30,1997-12-11,1997-11-05
10725,FAMIA,3,1997-10-31,1997-11-28,1997-11-05
10726,EASTC,1,1997-11-03,1997-11-17,1997-12-05
10727,REGGC,1,1997-11-03,1997-12-01,1997-12-05
10728,QUEEN,2,1997-11-04,1997-12-02,1997-11-11
10729,LINOD,3,1997-11-04,1997-12-16,1997-11-14
10730,BONAP,1,1997-11-05,1997-12-03,1997-11-14
10731,CHOPS,1,1997-11-06,1997-12-04,1997-11-14
10732,BONAP,1,1997-11-06,1997-12-04,1997-11-07
10733,BERGS,3,1997-11-07,1997-12-05,1997-11-10
10734,GOURL,3,1997-11-07,1997-12-05,1997-11-12
10735,LETSS,2,1997-11-10,1997-12-08,1997-11-21
10736,HUNGO,2,1997-11-11,1997-12-09,1997-11-21
10737,VINET,2,1997-11-11,1997-12-09,1997-11-18
10738,SPECD,1,1997-11-12,1997-12-10,1997-11-18
10739,VINET,3,1997-11-12,1997-12-10,1997-11-17
10740,WHITC,2,1997-11-13,1997-12-11,1997-11-25
10741,AROUT,3,1997-11-14,1997-11-28,1997-11-18
10742,BOTTM,3,1997-11-14,1997-12-12,1997-11-18
10743,AROUT,2,1997-11-17,1997-12-15,1997-11-21
10744,VAFFE,1,1997-11-17,1997-12-15,1997-11-24
10745,QUICK,1,1997-11-18,1997-12-16,1997-11-27
10746,CHOPS,3,1997-11-19,1997-12-17,1997-11-21
10747,PICCO,1,1997-11-19,1997-12-17,1997-11-26
10748,SAVEA,1,1997-11-20,1997-12-18,1997-11-28
10749,ISLAT,2,1997-11-20,1997-12-18,1997-12-19
10750,WARTH,1,1997-11-21,1997-12-19,1997-11-24
10751,RICSU,3,1997-11-24,1997-12-22,1997-12-03
10752,NORTS,3,1997-11-24,1997-12-22,1997-11-28
10753,FRANS,1,1997-11-25,1997-12-23,1997-11-27
10754,MAGAA,3,1997-11-25,1997-12-23,1997-11-27
10755,BONAP,2,1997-11-26,1997-12-24,1997-11-28
10756,SPLIR,2,1997-11-27,1997-12-25,1997-12-02
10757,SAVEA,1,1997-11-27,1997-12-25,1997-12-15
10758,RICSU,3,1997-11-28,1997-12-26,1997-12-04
10759,ANATR,3,1997-11-28,1997-12-26,1997-12-12
10760,MAISD,1,1997-12-01,1997-12-29,1997-12-10
10761,RATTC,2,1997-12-02,1997-12-30,1997-12-08
10762,FOLKO,1,1997-12-02,1997-12-30,1997-12-09
10763,FOLIG,3,1997-12-03,1997-12-31,1997-12-08
10764,ERNSH,3,1997-12-03,1997-12-31,1997-12-08
10765,QUICK,3,1997-12-04,1998-01-01,1997-12-09
10766,OTTIK,1,1997-12-05,1998-01-02,1997-12-09
10767,SUPRD,3,1997-12-05,1998-01-02,1997-12-15
10768,AROUT,2,1997-12-08,1998-01-05,1997-12-15
10769,VAFFE,1,1997-12-08,1998-01-05,1997-12-12
10770,HANAR,3,1997-12-09,1998-01-06,1997-12-17
10771,ERNSH,2,1997-12-10,1998-01-07,1998-01-02
10772,LEHMS,2,1997-12-10,1998-01-07,1997-12-19
10773,ERNSH,3,1997-12-11,1998-01-08,1997-12-16
10774,FOLKO,1,1997-12-11,1997-12-25,1997-12-12
10775,THECR,1,1997-12-12,1998-01-09,1997-12-26
10776,ERNSH,3,1997-12-15,1998-01-12,1997-12-18
10777,GOURL,2,1997-12-15,1997-12-29,1998-01-21
10778,BERGS,1,1997-12-16,1998-01-13,1997-12-24
10779,MORGK,2,1997-12-16,1998-01-13,1998-01-14
10780,LILAS,1,1997-12-16,1997-12-30,1997-12-25
10781,WARTH,3,1997-12-17,1998-01-14,1997-12-19
10782,CACTU,3,1997-12-17,1998-01-14,1997-12-22
10783,HANAR,2,1997-12-18,1998-01-15,1997-12-19
10784,MAGAA,3,1997-12-18,1998-01-15,1997-12-22
10785,GROSR,3,1997-12-18,1998-01-15,1997-12-24
10786,QUEEN,1,1997-12-19,1998-01-16,1997-12-23
10787,LAMAI,1,1997-12-19,1998-01-02,1997-12-26
10788,QUICK,2,1997-12-22,1998-01-19,1998-01-19
10789,FOLIG,2,1997-12-22,1998-01-19,1997-12-31
10790,GOURL,1,1997-12-22,1998-01-19,1997-12-26
10791,FRANK,2,1997-12-23,1998-01-20,1998-01-01
10792,WOLZA,3,1997-12-23,1998-01-20,1997-12-31
10793,AROUT,3,1997-12-24,1998-01-21,1998-01-08
10794,QUEDE,1,1997-12-24,1998-01-21,1998-01-02
10795,ERNSH,2,1997-12-24,1998-01-21,1998-01-20
10796,HILAA,1,1997-12-25,1998-01-22,1998-01-14
10797,DRACD,2,1997-12-25,1998-01-22,1998-01-05
10798,ISLAT,1,1997-12-26,1998-01-23,1998-01-05
10799,KOENE,3,1997-12-26,1998-02-06,1998-01-05
10800,SEVES,3,1997-12-26,1998-01-23,1998-01-05
10801,BOLID,2,1997-12-29,1998-01-26,1997-12-31
10802,SIMOB,2,1997-12-29,1998-01-26,1998-01-02
10803,WELLI,1,1997-12-30,1998-01-27,1998-01-06
10804,SEVES,2,1997-12-30,1998-01-27,1998-01-07
10805,THEBI,3,1997-12-30,1998-01-27,1998-01-09
10806,VICTE,2,1997-12-31,1998-01-28,1998-01-05
10807,FRANS,1,1997-12-31,1998-01-28,1998-01-30
10808,OLDWO,3,1998-01-01,1998-01-29,1998-01-09
10809,WELLI,1,1998-01-01,1998-01-29,1998-01-07
10810,LAUGB,3,1998-01-01,1998-01-29,1998-01-07
10811,LINOD,1,1998-01-02,1998-01-30,1998-01-08
10812,REGGC,1,1998-01-02,1998-01-30,1998-01-12
10813,RICAR,1,1998-01-05,1998-02-02,1998-01-09
10814,VICTE,3,1998-01-05,1998-02-02,1998-01-14
10815,SAVEA,3,1998-01-05,1998-02-02,1998-01-14
10816,GREAL,2,1998-01-06,1998-02-03,1998-02-04
10817,KOENE,2,1998-01-06,1998-01-20,1998-01-13
10818,MAGAA,3,1998-01-07,1998-02-04,1998-01-12
10819,CACTU,3,1998-01-07,1998-02-04,1998-01-16
10820,RATTC,2,1998-01-07,1998-02-04,1998-01-13
10821,SPLIR,1,1998-01-08,1998-02-05,1998-01-15
10822,TRAIH,3,1998-01-08,1998-02-05,1998-01-16
10823,LILAS,2,1998-01-09,1998-02-06,1998-01-13
10824,FOLKO,1,1998-01-09,1998-02-06,1998-01-30
10825,DRACD,1,1998-01-09,1998-02-06,1998-01-14
10826,BLONP,1,1998-01-12,1998-02-09,1998-02-06
10827,BONAP,2,1998-01-12,1998-01-26,1998-02-06
10828,RANCH,1,1998-01-13,1998-01-27,1998-02-04
10829,ISLAT,1,1998-01-13,1998-02-10,1998-01-23
10830,TRADH,2,1998-01-13,1998-02-24,1998-01-21
10831,SANTG,2,1998-01-14,1998-02-11,1998-01-23
10832,LAMAI,2,1998-01-14,1998-02-11,1998-01-19
10833,OTTIK,2,1998-01-15,1998-02-12,1998-01-23
10834,TRADH,3,1998-01-15,1998-02-12,1998-01-19
10835,ALFKI,3,1998-01-15,1998-02-12,1998-01-21
10836,ERNSH,1,1998-01-16,1998-02-13,1998-01-21
10837,BERGS,3,1998-01-16,1998-02-13,1998-01-23
10838,LINOD,3,1998-01-19,1998-02-16,1998-01-23
10839,TRADH,3,1998-01-19,1998-02-16,1998-01-22
10840,LINOD,2,1998-01-19,1998-03-02,1998-02-16
10841,SUPRD,2,1998-01-20,1998-02-17,1998-01-29
10842,TORTU,3,1998-01-20,1998-02-17,1998-01-29
10843,VICTE,2,1998-01-21,1998-02-18,1998-01-26
10844,PICCO,2,1998-01-21,1998-02-18,1998-01-26
10845,QUICK,1,1998-01-21,1998-02-04,1998-01-30
10846,SUPRD,3,1998-01-22,1998-03-05,1998-01-23
10847,SAVEA,3,1998-01-22,1998-02-05,1998-02-10
10848,CONSH,2,1998-01-23,1998-02-20,1998-01-29
10849,KOENE,2,1998-01-23,1998-02-20,1998-01-30
10850,VICTE,1,1998-01-23,1998-03-06,1998-01-30
10851,RICAR,1,1998-01-26,1998-02-23,1998-02-02
10852,RATTC,1,1998-01-26,1998-02-09,1998-01-30
10853,BLAUS,2,1998-01-27,1998-02-24,1998-02-03
10854,ERNSH,2,1998-01-27,1998-02-24,1998-02-05
10855,OLDWO,1,1998-01-27,1998-02-24,1998-02-04
10856,ANTON,2,1998-01-28,1998-02-25,1998-02-10
10857,BERGS,2,1998-01-28,1998-02-25,1998-02-06
10858,LACOR,1,1998-01-29,1998-02-26,1998-02-03
10859,FRANK,2,1998-01-29,1998-02-26,1998-02-02
10860,FRANR,3,1998-01-29,1998-02-26,1998-02-04
10861,WHITC,2,1998-01-30,1998-02-27,1998-02-17
10862,LEHMS,2,1998-01-30,1998-03-13,1998-02-02
10863,HILAA,2,1998-02-02,1998-03-02,1998-02-17
10864,AROUT,2,1998-02-02,1998-03-02,1998-02-09
10865,QUICK,1,1998-02-02,1998-02-16,1998-02-12
10866,BERGS,1,1998-02-03,1998-03-03,1998-02-12
10867,LONEP,1,1998-02-03,1998-03-17,1998-02-11
10868,QUEEN,2,1998-02-04,1998-03-04,1998-02-23
10869,SEVES,1,1998-02-04,1998-03-04,1998-02-09
10870,WOLZA,3,1998-02-04,1998-03-04,1998-02-13
10871,BONAP,2,1998-02-05,1998-03-05,1998-02-10
10872,GODOS,2,1998-02-05,1998-03-05,1998-02-09
10873,WILMK,1,1998-02-06,1998-03-06,1998-02-09
10874,GODOS,2,1998-02-06,1998-03-06,1998-02-11
10875,BERGS,2,1998-02-06,1998-03-06,1998-03-03
10876,BONAP,3,1998-02-09,1998-03-09,1998-02-12
10877,RICAR,1,1998-02-09,1998-03-09,1998-02-19
10878,QUICK,1,1998-02-10,1998-03-10,1998-02-12
10879,WILMK,3,1998-02-10,1998-03-10,1998-02-12
10880,FOLKO,1,1998-02-10,1998-03-24,1998-02-18
10881,CACTU,1,1998-02-11,1998-03-11,1998-02-18
10882,SAVEA,3,1998-02-11,1998-03-11,1998-02-20
10883,LONEP,3,1998-02-12,1998-03-12,1998-02-20
10884,LETSS,2,1998-02-12,1998-03-12,1998-02-13
10885,SUPRD,3,1998-02-12,1998-03-12,1998-02-18
10886,HANAR,1,1998-02-13,1998-03-13,1998-03-02
10887,GALED,3,1998-02-13,1998-03-13,1998-02-16
10888,GODOS,2,1998-02-16,1998-03-16,1998-02-23
10889,RATTC,3,1998-02-16,1998-03-16,1998-02-23
10890,DUMON,1,1998-02-16,1998-03-16,1998-02-18
10891,LEHMS,2,1998-02-17,1998-03-17,1998-02-19
10892,MAISD,2,1998-02-17,1998-03-17,1998-02-19
10893,KOENE,2,1998-02-18,1998-03-18,1998-02-20
10894,SAVEA,1,1998-02-18,1998-03-18,1998-02-20
10895,ERNSH,1,1998-02-18,1998-03-18,1998-02-23
10896,MAISD,3,1998-02-19,1998-03-19,1998-02-27
10897,HUNGO,2,1998-02-19,1998-03-19,1998-02-25
10898,OCEAN,2,1998-02-20,1998-03-20,1998-03-06
10899,LILAS,3,1998-02-20,1998-03-20,1998-02-26
10900,WELLI,2,1998-02-20,1998-03-20,1998-03-04
10901,HILAA,1,1998-02-23,1998-03-23,1998-02-26
10902,FOLKO,1,1998-02-23,1998-03-23,1998-03-03
10903,HANAR,3,1998-02-24,1998-03-24,1998-03-04
10904,WHITC,3,1998-02-24,1998-03-24,1998-02-27
10905,WELLI,2,1998-02-24,1998-03-24,1998-03-06
10906,WOLZA,3,1998-02-25,1998-03-11,1998-03-03
10907,SPECD,3,1998-02-25,1998-03-25,1998-02-27
10908,REGGC,2,1998-02-26,1998-03-26,1998-03-06
10909,SANTG,2,1998-02-26,1998-03-26,1998-03-10
10910,WILMK,3,1998-02-26,1998-03-26,1998-03-04
10911,GODOS,1,1998-02-26,1998-03-26,1998-03-05
10912,HUNGO,2,1998-02-26,1998-03-26,1998-03-18
10913,QUEEN,1,1998-02-26,1998-03-26,1998-03-04
10914,QUEEN,1,1998-02-27,1998-03-27,1998-03-02
10915,TORTU,2,1998-02-27,1998-03-27,1998-03-02
10916,RANCH,2,1998-02-27,1998-03-27,1998-03-09
10917,ROMEY,2,1998-03-02,1998-03-30,1998-03-11
10918,BOTTM,3,1998-03-02,1998-03-30,1998-03-11
10919,LINOD,2,1998-03-02,1998-03-30,1998-03-04
10920,AROUT,2,1998-03-03,1998-03-31,1998-03-09
10921,VAFFE,1,1998-03-03,1998-04-14,1998-03-09
10922,HANAR,3,1998-03-03,1998-03-31,1998-03-05
10923,LAMAI,3,1998-03-03,1998-04-14,1998-03-13
10924,BERGS,2,1998-03-04,1998-04-01,1998-04-08
10925,HANAR,1,1998-03-04,1998-04-01,1998-03-13
10926,ANATR,3,1998-03-04,1998-04-01,1998-03-11
10927,LACOR,1,1998-03-05,1998-04-02,1998-04-08
10928,GALED,1,1998-03-05,1998-04-02,1998-03-18
10929,FRANK,1,1998-03-05,1998-04-02,1998-03-12
10930,SUPRD,3,1998-03-06,1998-04-17,1998-03-18
10931,RICSU,2,1998-03-06,1998-03-20,1998-03-19
10932,BONAP,1,1998-03-06,1998-04-03,1998-03-24
10933,ISLAT,3,1998-03-06,1998-04-03,1998-03-16
10934,LEHMS,3,1998-03-09,1998-04-06,1998-03-12
10935,WELLI,3,1998-03-09,1998-04-06,1998-03-18
10936,GREAL,2,1998-03-09,1998-04-06,1998-03-18
10937,CACTU,3,1998-03-10,1998-03-24,1998-03-13
10938,QUICK,2,1998-03-10,1998-04-07,1998-03-16
10939,MAGAA,2,1998-03-10,1998-04-07,1998-03-13
10940,BONAP,3,1998-03-11,1998-04-08,1998-03-23
10941,SAVEA,2,1998-03-11,1998-04-08,1998-03-20
10942,REGGC,3,1998-03-11,1998-04-08,1998-03-18
10943,BSBEV,2,1998-03-11,1998-04-08,1998-03-19
10944,BOTTM,3,1998-03-12,1998-03-26,1998-03-13
10945,MORGK,1,1998-03-12,1998-04-09,1998-03-18
10946,VAFFE,2,1998-03-12,1998-04-09,1998-03-19
10947,BSBEV,2,1998-03-13,1998-04-10,1998-03-16
10948,GODOS,3,1998-03-13,1998-04-10,1998-03-19
10949,BOTTM,3,1998-03-13,1998-04-10,1998-03-17
10950,MAGAA,2,1998-03-16,1998-04-13,1998-03-23
10951,RICSU,2,1998-03-16,1998-04-27,1998-04-07
10952,ALFKI,1,1998-03-16,1998-04-27,1998-03-24
10953,AROUT,2,1998-03-16,1998-03-30,1998-03-25
10954,LINOD,1,1998-03-17,1998-04-28,1998-03-20
10955,FOLKO,2,1998-03-17,1998-04-14,1998-03-20
10956,BLAUS,2,1998-03-17,1998-04-28,1998-03-20
10957,HILAA,3,1998-03-18,1998-04-15,1998-03-27
10958,OCEAN,2,1998-03-18,1998-04-15,1998-03-27
10959,GOURL,2,1998-03-18,1998-04-29,1998-03-23
10960,HILAA,1,1998-03-19,1998-04-02,1998-04-08
10961,QUEEN,1,1998-03-19,1998-04-16,1998-03-30
10962,QUICK,2,1998-03-19,1998-04-16,1998-03-23
10963,FURIB,3,1998-03-19,1998-04-16,1998-03-26
10964,SPECD,2,1998-03-20,1998-04-17,1998-03-24
10965,OLDWO,3,1998-03-20,1998-04-17,1998-03-30
10966,CHOPS,1,1998-03-20,1998-04-17,1998-04-08
10967,TOMSP,2,1998-03-23,1998-04-20,1998-04-02
10968,ERNSH,3,1998-03-23,1998-04-20,1998-04-01
10969,COMMI,2,1998-03-23,1998-04-20,1998-03-30
10970,BOLID,1,1998-03-24,1998-04-07,1998-04-24
10971,FRANR,2,1998-03-24,1998-04-21,1998-04-02
10972,LACOR,2,1998-03-24,1998-04-21,1998-03-26
10973,LACOR,2,1998-03-24,1998-04-21,1998-03-27
10974,SPLIR,3,1998-03-25,1998-04-08,1998-04-03
10975,BOTTM,3,1998-03-25,1998-04-22,1998-03-27
10976,HILAA,1,1998-03-25,1998-05-06,1998-04-03
10977,FOLKO,3,1998-03-26,1998-04-23,1998-04-10
10978,MAISD,2,1998-03-26,1998-04-23,1998-04-23
10979,ERNSH,2,1998-03-26,1998-04-23,1998-03-31
10980,FOLKO,1,1998-03-27,1998-05-08,1998-04-17
10981,HANAR,2,1998-03-27,1998-04-24,1998-04-02
10982,BOTTM,1,1998-03-27,1998-04-24,1998-04-08
10983,SAVEA,2,1998-03-27,1998-04-24,1998-04-06
10984,SAVEA,3,1998-03-30,1998-04-27,1998-04-03
10985,HUNGO,1,1998-03-30,1998-04-27,1998-04-02
10986,OCEAN,2,1998-03-30,1998-04-27,1998-04-21
10987,EASTC,1,1998-03-31,1998-04-28,1998-04-06
10988,RATTC,2,1998-03-31,1998-04-28,1998-04-10
10989,QUEDE,1,1998-03-31,1998-04-28,1998-04-02
10990,ERNSH,3,1998-04-01,1998-05-13,1998-04-07
10991,QUICK,1,1998-04-01,1998-04-29,1998-04-07
10992,THEBI,3,1998-04-01,1998-04-29,1998-04-03
10993,FOLKO,3,1998-04-01,1998-04-29,1998-04-10
10994,VAFFE,3,1998-04-02,1998-04-16,1998-04-09
10995,PERIC,3,1998-04-02,1998-04-30,1998-04-06
10996,QUICK,2,1998-04-02,1998-04-30,1998-04-10
10997,LILAS,2,1998-04-03,1998-05-15,1998-04-13
10998,WOLZA,2,1998-04-03,1998-04-17,1998-04-17
10999,OTTIK,2,1998-04-03,1998-05-01,1998-04-10
11000,RATTC,3,1998-04-06,1998-05-04,1998-04-14
11001,FOLKO,2,1998-04-06,1998-05-04,1998-04-14
11002,SAVEA,1,1998-04-06,1998-05-04,1998-04-16
11003,THECR,3,1998-04-06,1998-05-04,1998-04-08
11004,MAISD,1,1998-04-07,1998-05-05,1998-04-20
11005,WILMK,1,1998-04-07,1998-05-05,1998-04-10
11006,GREAL,2,1998-04-07,1998-05-05,1998-04-15
11007,PRINI,2,1998-04-08,1998-05-06,1998-04-13
11008,ERNSH,3,1998-04-08,1998-05-06,
11009,GODOS,1,1998-04-08,1998-05-06,1998-04-10
11010,REGGC,2,1998-04-09,1998-05-07,1998-04-21
11011,ALFKI,1,1998-04-09,1998-05-07,1998-04-13
11012,FRANK,3,1998-04-09,1998-04-23,1998-04-17
11013,ROMEY,1,1998-04-09,1998-05-07,1998-04-10
11014,LINOD,3,1998-04-10,1998-05-08,1998-04-15
11015,SANTG,2,1998-04-10,1998-04-24,1998-04-20
11016,AROUT,2,1998-04-10,1998-05-08,1998-04-13
11017,ERNSH,2,1998-04-13,1998-05-11,1998-04-20
11018,LONEP,2,1998-04-13,1998-05-11,1998-04-16
11019,RANCH,3,1998-04-13,1998-05-11,
11020,OTTIK,2,1998-04-14,1998-05-12,1998-04-16
11021,QUICK,1,1998-04-14,1998-05-12,1998-04-21
11022,HANAR,2,1998-04-14,1998-05-12,1998-05-04
11023,BSBEV,2,1998-04-14,1998-04-28,1998-04-24
11024,EASTC,1,1998-04-15,1998-05-13,1998-04-20
11025,WARTH,3,1998-04-15,1998-05-13,1998-04-24
11026,FRANS,1,1998-04-15,1998-05-13,1998-04-28
11027,BOTTM,1,1998-04-16,1998-05-14,1998-04-20
11028,KOENE,1,1998-04-16,1998-05-14,1998-04-22
11029,CHOPS,1,1998-04-16,1998-05-14,1998-04-27
11030,SAVEA,2,1998-04-17,1998-05-15,1998-04-27
11031,SAVEA,2,1998-04-17,1998-05-15,1998-04-24
11032,WHITC,3,1998-04-17,1998-05-15,1998-04-23
11033,RICSU,3,1998-04-17,1998-05-15,1998-04-23
11034,OLDWO,1,1998-04-20,1998-06-01,1998-04-27
11035,SUPRD,2,1998-04-20,1998-05-18,1998-04-24
11036,DRACD,3,1998-04-20,1998-05-18,1998-04-22
11037,GODOS,1,1998-04-21,1998-05-19,1998-04-27
11038,SUPRD,2,1998-04-21,1998-05-19,1998-04-30
11039,LINOD,2,1998-04-21,1998-05-19,
11040,GREAL,3,1998-04-22,1998-05-20,
11041,CHOPS,2,1998-04-22,1998-05-20,1998-04-28
11042,COMMI,1,1998-04-22,1998-05-06,1998-05-01
11043,SPECD,2,1998-04-22,1998-05-20,1998-04-29
11044,WOLZA,1,1998-04-23,1998-05-21,1998-05-01
11045,BOTTM,2,1998-04-23,1998-05-21,
11046,WANDK,2,1998-04-23,1998-05-21,1998-04-24
11047,EASTC,3,1998-04-24,1998-05-22,1998-05-01
11048,BOTTM,3,1998-04-24,1998-05-22,1998-04-30
11049,GOURL,1,1998-04-24,1998-05-22,1998-05-04
11050,FOLKO,2,1998-04-27,1998-05-25,1998-05-05
11051,LAMAI,3,1998-04-27,1998-05-25,
11052,HANAR,1,1998-04-27,1998-05-25,1998-05-01
11053,PICCO,2,1998-04-27,1998-05-25,1998-04-29
11054,CACTU,1,1998-04-28,1998-05-26,
11055,HILAA,2,1998-04-28,1998-05-26,1998-05-05
11056,EASTC,2,1998-04-28,1998-05-12,1998-05-01
11057,NORTS,3,1998-04-29,1998-05-27,1998-05-01
11058,BLAUS,3,1998-04-29,1998-05-27,
11059,RICAR,2,1998-04-29,1998-06-10,
11060,FRANS,2,1998-04-30,1998-05-28,1998-05-04
11061,GREAL,3,1998-04-30,1998-06-11,
11062,REGGC,2,1998-04-30,1998-05-28,
11063,HUNGO,2,1998-04-30,1998-05-28,1998-05-06
11064,SAVEA,1,1998-05-01,1998-05-29,1998-05-04
11065,LILAS,1,1998-05-01,1998-05-29,
11066,WHITC,2,1998-05-01,1998-05-29,1998-05-04
11067,DRACD,2,1998-05-04,1998-05-18,1998-05-06
11068,QUEEN,2,1998-05-04,1998-06-01,
11069,TORTU,2,1998-05-04,1998-06-01,1998-05-06
11070,LEHMS,1,1998-05-05,1998-06-02,
11071,LILAS,1,1998-05-05,1998-06-02,
11072,ERNSH,2,1998-05-05,1998-06-02,
11073,PERIC,2,1998-05-05,1998-06-02,
11074,SIMOB,2,1998-05-06,1998-06-03,
11075,RICSU,2,1998-05-06,1998-06-03,
11076,BONAP,2,1998-05-06,1998-06-03,
11077,RATTC,2,1998-05-06,1998-06-03,
